INSERT INTO Users (UserID, Username, "Password", Email, phone_no, IS_premium_User, User_address, User_City)
VALUES
('user001', 'Rakesh Sharma', 'pass123word', 'rakesh.sharma@example.com', '9876543210', 'Y', '123 Gandhi Road', 'Mumbai'),
('user002', 'Priya Patel', 'secure456pass', 'priya.patel@example.com', '9876543211', 'N', '456 Nehru Street', 'Delhi'),
('user003', 'Amit Singh', 'amit123singh', 'amit.singh@example.com', '9876543212', 'Y', '789 Tagore Nagar', 'Bangalore'),
('user004', 'Deepika Sharma', 'dsharma456', 'deepika.sharma@example.com', '9876543213', 'N', '321 Rajiv Avenue', 'Chennai'),
('user005', 'Rahul Gupta', 'rahulpass123', 'rahul.gupta@example.com', '9876543214', 'Y', '567 Gurgaon Circle', 'Delhi'),
('user006', 'Neha Verma', 'neha@123', 'neha.verma@example.com', '9876543215', 'N', '432 Jayanagar', 'Bangalore'),
('user007', 'Suresh Patil', 'patil@123', 'suresh.patil@example.com', '9876543216', 'Y', '876 Malad West', 'Mumbai'),
('user008', 'Ananya Chopra', 'chopra@123', 'ananya.chopra@example.com', '9876543217', 'N', '654 Bandra East', 'Mumbai'),
('user009', 'Vivek Shah', 'vivekshah123', 'vivek.shah@example.com', '9876543218', 'Y', '210 Andheri West', 'Mumbai'),
('user010', 'Pooja Singhal', 'pooja123', 'pooja.singhal@example.com', '9876543219', 'N', '543 Powai', 'Mumbai'),
('user011', 'Sachin Patel', 'sachin@123', 'sachin.patel@example.com', '9876543220', 'Y', '765 Panvel', 'Mumbai'),
('user012', 'Nisha Kaur', 'nisha456', 'nisha.kaur@example.com', '9876543221', 'N', '987 Vashi', 'Mumbai'),
('user013', 'Manoj Gandhi', 'manoj123', 'manoj.gandhi@example.com', '9876543222', 'Y', '345 Borivali', 'Mumbai'),
('user014', 'Kavita Mishra', 'kmishra123', 'kavita.mishra@example.com', '9876543223', 'N', '678 Goregaon', 'Mumbai'),
('user015', 'Rajesh Sinha', 'rsinha456', 'rajesh.sinha@example.com', '9876543224', 'Y', '890 Thane', 'Mumbai'),
('user016', 'Jaya Pandey', 'jayapandey@123', 'jaya.pandey@example.com', '9876543225', 'N', '543 Kandivali', 'Mumbai'),
('user017', 'Prakash Reddy', 'reddy123', 'prakash.reddy@example.com', '9876543226', 'Y', '789 Mulund', 'Mumbai'),
('user018', 'Kiran Kumar', 'kkumar@123', 'kiran.kumar@example.com', '9876543227', 'N', '876 Juhu', 'Mumbai'),
('user019', 'Divya Sharma', 'divya456', 'divya.sharma@example.com', '9876543228', 'Y', '234 Versova', 'Mumbai'),
('user020', 'Akhil Kumar', 'akhil123', 'akhil.kumar@example.com', '9876543229', 'N', '567 Andheri East', 'Mumbai'),
('user021', 'Anjali Gupta', 'anjali@123', 'anjali.gupta@example.com', '9876543230', 'Y', '789 Dadar', 'Mumbai'),
('user022', 'Vikram Singh', 'vsingh456', 'vikram.singh@example.com', '9876543231', 'N', '123 Worli', 'Mumbai'),
('user023', 'Ritu Patel', 'ritu@123', 'ritu.patel@example.com', '9876543232', 'Y', '345 Malabar Hill', 'Mumbai'),
('user024', 'Aman Verma', 'aman123verma', 'aman.verma@example.com', '9876543233', 'N', '678 Colaba', 'Mumbai'),
('user025', 'Kritika Sharma', 'kritika456', 'kritika.sharma@example.com', '9876543234', 'Y', '890 Marine Lines', 'Mumbai'),
('user026', 'Rahul Kumar', 'rahul@123', 'rahul.kumar@example.com', '9876543235', 'N', '543 Bandstand', 'Mumbai'),
('user027', 'Sneha Desai', 'sneha123', 'sneha.desai@example.com', '9876543236', 'Y', '789 Versova', 'Mumbai'),
('user028', 'Ankit Shah', 'ashah456', 'ankit.shah@example.com', '9876543237', 'N', '876 Girgaum', 'Mumbai'),
('user029', 'Meera Rao', 'meera@123', 'meera.rao@example.com', '9876543238', 'Y', '210 Malad East', 'Mumbai'),
('user030', 'Nitin Iyer', 'niyer123', 'nitin.iyer@example.com', '9876543239', 'N', '567 Santa Cruz', 'Mumbai');




INSERT INTO Restaurant (RestaurantID, Restaurantname, contact_no, Restaurant_address, Restaurant_City)
VALUES
('res001', 'Punjabi Dhaba', '9876543220', '1A Amritsar Lane', 'Mumbai'),
('res002', 'Delhi Darbar', '9876543221', '5 Karol Bagh Road', 'Delhi'),
('res003', 'Mumbai Masala', '9876543222', '7 Marine Drive', 'Mumbai'),
('res004', 'Bangalore Bites', '9876543223', '3 MG Road', 'Bangalore'),
('res005', 'Chennai Spice', '9876543224', '9 Anna Nagar', 'Chennai'),
('res006', 'Kolkata Kitchen', '9876543225', '11 Park Street', 'Kolkata'),
('res007', 'Hyderabad House', '9876543226', '13 Hitech City', 'Hyderabad'),
('res008', 'Pune Paradise', '9876543227', '15 Koregaon Park', 'Pune'),
('res009', 'Jaipur Junction', '9876543228', '17 Pink City Road', 'Jaipur'),
('res010', 'Ahmedabad Spice', '9876543229', '19 Sabarmati Riverfront', 'Ahmedabad'),
('res011', 'Lucknow Lounge', '9876543230', '21 Hazratganj', 'Lucknow'),
('res012', 'Goa Grill', '9876543231', '23 Baga Beach Road', 'Goa'),
('res013', 'Kochi Kitchen', '9876543232', '25 Fort Kochi', 'Kochi'),
('res014', 'Indore Diner', '9876543233', '27 Sarafa Bazaar', 'Indore'),
('res015', 'Nagpur Nook', '9876543234', '29 Sitabuldi', 'Nagpur'),
('res016', 'Bhubaneswar Bistro', '9876543235', '31 Janpath', 'Bhubaneswar'),
('res017', 'Patna Palace', '9876543236', '33 Fraser Road', 'Patna'),
('res018', 'Gurugram Grill', '9876543237', '35 Cyber City', 'Gurugram'),
('res019', 'Noida Nectar', '9876543238', '37 Sector 18', 'Noida'),
('res020', 'Surat Spices', '9876543239', '39 Dumas Road', 'Surat'),
('res021', 'Thane Treats', '9876543240', '41 Ghodbunder Road', 'Thane'),
('res022', 'Visakhapatnam Vibe', '9876543241', '43 Beach Road', 'Visakhapatnam'),
('res023', 'Ranchi Rendezvous', '9876543242', '45 Kanke Road', 'Ranchi'),
('res024', 'Guwahati Grill', '9876543243', '47 GS Road', 'Guwahati'),
('res025', 'Varanasi Villa', '9876543244', '49 Assi Ghat', 'Varanasi'),
('res026', 'Agra Aroma', '9876543245', '51 Taj Ganj', 'Agra'),
('res027', 'Amritsar Aroma', '9876543246', '53 Golden Temple Road', 'Amritsar'),
('res028', 'Patiala Palace', '9876543247', '55 Model Town', 'Patiala'),
('res029', 'Jalandhar Joy', '9876543248', '57 Posh Enclave', 'Jalandhar'),
('res030', 'Shimla Spice', '9876543249', '59 Mall Road', 'Shimla');



INSERT INTO Category (CategoryID, Categoryname)
VALUES
('cat001', 'North Indian'),
('cat002', 'South Indian'),
('cat003', 'Chinese'),
('cat004', 'Italian'),
('cat005', 'Mexican'),
('cat006', 'Fast Food'),
('cat007', 'Beverages'),
('cat008', 'Desserts'),
('cat009', 'Snacks'),
('cat010', 'Continental');



INSERT INTO Items (ItemID, Itemname, Price, Preparation_time, CategoryID, RestaurantID)
VALUES
('item001', 'Chicken Biryani', 300, 30, 'cat001', 'res001'),
('item002', 'Veg Biryani', 250, 25, 'cat001', 'res001'),
('item003', 'Palak Paneer', 200, 20, 'cat002', 'res002'),
('item004', 'Chole Bhature', 150, 35, 'cat001', 'res002'),
('item005', 'Schezwan Fried Rice', 220, 25, 'cat003', 'res003'),
('item006', 'Mumbai Pav Bhaji', 180, 30, 'cat004', 'res003'),
('item007', 'Mexican Burrito', 200, 20, 'cat005', 'res004'),
('item008', 'Chicken Burger', 150, 15, 'cat006', 'res004'),
('item009', 'Pani Puri', 50, 10, 'cat007', 'res005'),
('item010', 'Mango Lassi', 80, 5, 'cat008', 'res005'),
('item011', 'Chicken Tandoori', 350, 40, 'cat001', 'res006'),
('item012', 'Masala Dosa', 100, 15, 'cat002', 'res006'),
('item013', 'Pasta Alfredo', 280, 25, 'cat004', 'res007'),
('item014', 'Chicken Shawarma', 200, 20, 'cat006', 'res007'),
('item015', 'Cold Coffee', 100, 5, 'cat007', 'res008'),
('item016', 'Chocolate Ice Cream', 120, 10, 'cat008', 'res008'),
('item017', 'Paneer Tikka', 250, 20, 'cat002', 'res009'),
('item018', 'Veg Pulao', 180, 25, 'cat001', 'res009'),
('item019', 'Hakka Noodles', 220, 30, 'cat003', 'res010'),
('item020', 'Margherita Pizza', 200, 20, 'cat004', 'res010'),
('item021', 'Tacos', 180, 15, 'cat005', 'res011'),
('item022', 'Vada Pav', 30, 10, 'cat009', 'res011'),
('item023', 'Chicken Curry', 280, 35, 'cat001', 'res012'),
('item024', 'Rava Dosa', 120, 20, 'cat002', 'res012'),
('item025', 'Garlic Bread', 150, 15, 'cat004', 'res013'),
('item026', 'Chole Kulche', 100, 10, 'cat001', 'res013'),
('item027', 'Nachos', 160, 15, 'cat005', 'res014'),
('item028', 'Chocolate Cake', 180, 40, 'cat008', 'res014'),
('item029', 'Samosa', 20, 10, 'cat009', 'res015'),
('item030', 'Fish Curry', 300, 35, 'cat001', 'res016');


INSERT INTO delievery_Guy (Delievery_partner_ID, DPname, "Location", PhoneNumber, VehicleNumber)
VALUES
('dp001', 'Amit Kumar', 'Mumbai Central', '9876543001', 'MH 01 AB 1234'),
('dp002', 'Rajesh Singh', 'Andheri West', '9876543002', 'MH 02 BC 5678'),
('dp003', 'Priya Sharma', 'Bandra East', '9876543003', 'MH 03 CD 9101'),
('dp004', 'Ravi Gupta', 'Goregaon', '9876543004', 'MH 04 DE 1121'),
('dp005', 'Deepak Patel', 'Malad', '9876543005', 'MH 05 EF 3141'),
('dp006', 'Neha Verma', 'Powai', '9876543006', 'MH 06 FG 5161'),
('dp007', 'Suresh Kumar', 'Vashi', '9876543007', 'MH 07 GH 7181'),
('dp008', 'Anjali Singh', 'Thane', '9876543008', 'MH 08 HI 9202'),
('dp009', 'Vikram Sharma', 'Panvel', '9876543009', 'MH 09 IJ 1222'),
('dp010', 'Aarti Mishra', 'Kalyan', '9876543010', 'MH 10 JK 3242'),
('dp011', 'Rajendra Gupta', 'Dadar', '9876543011', 'MH 11 KL 5262'),
('dp012', 'Pooja Verma', 'Colaba', '9876543012', 'MH 12 LM 7282'),
('dp013', 'Kiran Patel', 'Worli', '9876543013', 'MH 13 MN 9303'),
('dp014', 'Manoj Kumar', 'Juhu', '9876543014', 'MH 14 NO 1323'),
('dp015', 'Shweta Gupta', 'Andheri East', '9876543015', 'MH 15 OP 3343'),
('dp016', 'Alok Singh', 'Chembur', '9876543016', 'MH 16 PQ 5363'),
('dp017', 'Neetu Sharma', 'Ghatkopar', '9876543017', 'MH 17 QR 7383'),
('dp018', 'Aman Kumar', 'Mulund', '9876543018', 'MH 18 RS 9404'),
('dp019', 'Divya Singh', 'Kandivali', '9876543019', 'MH 19 ST 1424'),
('dp020', 'Sanjay Verma', 'Borivali', '9876543020', 'MH 20 TU 3444'),
('dp021', 'Preeti Patel', 'Churchgate', '9876543021', 'MH 21 UV 5464'),
('dp022', 'Rohit Gupta', 'Virar', '9876543022', 'MH 22 VW 7484'),
('dp023', 'Sunita Sharma', 'Bhayandar', '9876543023', 'MH 23 WX 9505'),
('dp024', 'Rajesh Verma', 'Dombivli', '9876543024', 'MH 24 XY 1525'),
('dp025', 'Anita Singh', 'Virar', '9876543025', 'MH 25 YZ 3545'),
('dp026', 'Amita Gupta', 'Vasai', '9876543026', 'MH 26 ZZ 5565'),
('dp027', 'Neha Sharma', 'Panvel', '9876543027', 'MH 27 ZA 7585'),
('dp028', 'Vikas Patel', 'Navi Mumbai', '9876543028', 'MH 28 AB 9606'),
('dp029', 'Suresh Kumar', 'Ulhasnagar', '9876543029', 'MH 29 BC 1626'),
('dp030', 'Anjali Verma', 'Ambernath', '9876543030', 'MH 30 CD 3646');





INSERT INTO Offer (OfferID, offername)
VALUES
('offer001', 'Flat 20% off on all orders'),
('offer002', 'Buy 1 Get 1 Free on selected items'),
('offer003', 'Get a free dessert on orders above $50'),
('offer004', 'Special weekend offer: 50% off on second order'),
('offer005', 'Combo offer: Buy a pizza and get a soft drink free'),
('offer006', 'Limited time offer: Flat 30% off on all veg items'),
('offer007', 'Special discount for new users: Flat $10 off on first order'),
('offer008', 'Happy hours offer: 30% off on all orders between 2 PM to 5 PM'),
('offer009', 'Weekend feast offer: Buy 2 main course items and get 1 appetizer free'),
('offer010', 'Flash sale: 50% off on all orders for the next 2 hours'),
('offer011', 'Family meal offer: Buy 3 meals and get 1 free for kids'),
('offer012', 'Refer a friend and get $15 off on your next order'),
('offer013', 'Student discount: Flat 15% off on orders with valid student ID'),
('offer014', 'Birthday special: Free dessert on your birthday'),
('offer015', 'Takeaway offer: 20% off on all takeaway orders'),
('offer016', 'Loyalty program: Earn points on every order and get discounts on future orders'),
('offer017', 'Festive season offer: Exciting discounts on festive menu'),
('offer018', 'Corporate discount: Special discounts for corporate orders'),
('offer019', 'Senior citizen offer: Flat 10% off for senior citizens'),
('offer020', 'Weekday lunch deal: Special discounts on lunch orders from Monday to Friday'),
('offer021', 'Midnight madness: Flat 25% off on all orders between 12 AM to 4 AM'),
('offer022', 'Weekend brunch offer: 30% off on brunch items on weekends'),
('offer023', 'Healthy eating offer: 20% off on all salads and healthy bowls'),
('offer024', 'VIP member offer: Exclusive discounts for VIP members'),
('offer025', 'Anniversary special: Free bottle of wine on your anniversary'),
('offer026', 'Winter warmer offer: 40% off on all soups and hot beverages'),
('offer027', 'Game day offer: Special deals on game day snacks'),
('offer028', 'Rainy day offer: Free delivery on rainy days'),
('offer029', 'Movie night offer: 25% off on all orders during movie nights'),
('offer030', 'Weekend treat offer: Surprise gifts on weekend orders');



INSERT INTO Have_offer (RestaurantID, OfferID)
VALUES
('res001', 'offer001'),
('res002', 'offer002'),
('res003', 'offer003'),
('res004', 'offer004'),
('res005', 'offer005'),
('res006', 'offer006'),
('res007', 'offer007'),
('res008', 'offer008'),
('res009', 'offer009'),
('res010', 'offer010'),
('res011', 'offer011'),
('res012', 'offer012'),
('res013', 'offer013'),
('res014', 'offer014'),
('res015', 'offer015'),
('res016', 'offer016'),
('res001', 'offer017'),
('res002', 'offer018'),
('res003', 'offer019'),
('res004', 'offer020'),
('res005', 'offer021'),
('res006', 'offer022'),
('res007', 'offer023'),
('res008', 'offer024'),
('res009', 'offer025'),
('res010', 'offer026'),
('res011', 'offer027'),
('res012', 'offer028'),
('res013', 'offer029'),
('res014', 'offer030');



INSERT INTO Payment (PaymentID, Amount, Payment_method)
VALUES
('pay001', 350.00, 'Credit Card'),
('pay002', 250.00, 'Debit Card'),
('pay003', 200.00, 'Net Banking'),
('pay004', 150.00, 'UPI'),
('pay005', 220.00, 'Wallet'),
('pay006', 180.00, 'Cash'),
('pay007', 200.00, 'Credit Card'),
('pay008', 150.00, 'Debit Card'),
('pay009', 50.00, 'Net Banking'),
('pay010', 80.00, 'UPI'),
('pay011', 350.00, 'Credit Card'),
('pay012', 250.00, 'Debit Card'),
('pay013', 200.00, 'Net Banking'),
('pay014', 150.00, 'UPI'),
('pay015', 220.00, 'Wallet'),
('pay016', 180.00, 'Cash'),
('pay017', 200.00, 'Credit Card'),
('pay018', 150.00, 'Debit Card'),
('pay019', 50.00, 'Net Banking'),
('pay020', 80.00, 'UPI'),
('pay021', 300.00, 'Credit Card'),
('pay022', 250.00, 'Debit Card'),
('pay023', 180.00, 'Net Banking'),
('pay024', 160.00, 'UPI'),
('pay025', 220.00, 'Wallet'),
('pay026', 180.00, 'Cash'),
('pay027', 200.00, 'Credit Card'),
('pay028', 150.00, 'Debit Card'),
('pay029', 100.00, 'Net Banking'),
('pay030', 80.00, 'UPI');


INSERT INTO Orders (OrderID, Order_status, "DATE", Delievery_address, UserID, PaymentID, Delievery_partner_ID)
VALUES
('order001', 'Delivered', '2024-04-15', '123 Gandhi Road', 'user001', 'pay001', 'dp001'),
('order002', 'Delivered', '2024-04-15', '456 Nehru Street', 'user002', 'pay002', 'dp002'),
('order003', 'In Progress', '2024-04-16', '789 Tagore Nagar', 'user003', 'pay003', 'dp003'),
('order004', 'Pending', '2024-04-16', '321 Rajiv Avenue', 'user004', 'pay004', 'dp004'),
('order005', 'Delivered', '2024-04-15', '567 Gurgaon Circle', 'user005', 'pay005', 'dp005'),
('order006', 'Delivered', '2024-04-15', '432 Jayanagar', 'user006', 'pay006', 'dp006'),
('order007', 'In Progress', '2024-04-16', '876 Malad West', 'user007', 'pay007', 'dp007'),
('order008', 'Pending', '2024-04-16', '654 Bandra East', 'user008', 'pay008', 'dp008'),
('order009', 'Delivered', '2024-04-15', '210 Andheri West', 'user009', 'pay009', 'dp009'),
('order010', 'Delivered', '2024-04-15', '543 Powai', 'user010', 'pay010', 'dp010'),
('order011', 'Delivered', '2024-04-15', '789 Mulund', 'user011', 'pay011', 'dp011'),
('order012', 'Delivered', '2024-04-15', '876 Juhu', 'user012', 'pay012', 'dp012'),
('order013', 'In Progress', '2024-04-16', '234 Versova', 'user013', 'pay013', 'dp013'),
('order014', 'Pending', '2024-04-16', '567 Andheri East', 'user014', 'pay014', 'dp014'),
('order015', 'Delivered', '2024-04-15', '789 Dadar', 'user015', 'pay015', 'dp015'),
('order016', 'Delivered', '2024-04-15', '123 Worli', 'user016', 'pay016', 'dp016'),
('order017', 'In Progress', '2024-04-16', '345 Malabar Hill', 'user017', 'pay017', 'dp017'),
('order018', 'Pending', '2024-04-16', '678 Colaba', 'user018', 'pay018', 'dp018'),
('order019', 'Delivered', '2024-04-15', '890 Marine Lines', 'user019', 'pay019', 'dp019'),
('order020', 'Delivered', '2024-04-15', '543 Bandstand', 'user020', 'pay020', 'dp020'),
('order021', 'Delivered', '2024-04-15', '789 Mulund', 'user021', 'pay021', 'dp021'),
('order022', 'Delivered', '2024-04-15', '876 Juhu', 'user022', 'pay022', 'dp022'),
('order023', 'In Progress', '2024-04-16', '234 Versova', 'user023', 'pay023', 'dp023'),
('order024', 'Pending', '2024-04-16', '567 Andheri East', 'user024', 'pay024', 'dp024'),
('order025', 'Delivered', '2024-04-15', '789 Dadar', 'user025', 'pay025', 'dp025'),
('order026', 'Delivered', '2024-04-15', '123 Worli', 'user026', 'pay026', 'dp026'),
('order027', 'In Progress', '2024-04-16', '345 Malabar Hill', 'user027', 'pay027', 'dp027'),
('order028', 'Pending', '2024-04-16', '678 Colaba', 'user028', 'pay028', 'dp028'),
('order029', 'Delivered', '2024-04-15', '890 Marine Lines', 'user029', 'pay029', 'dp029'),
('order030', 'Delivered', '2024-04-15', '543 Bandstand', 'user030', 'pay030', 'dp030');


INSERT INTO Ordered_item (OrderID, ItemID, Quantity)
VALUES
('order001', 'item001', 2),
('order001', 'item002', 1),
('order002', 'item003', 3),
('order002', 'item004', 2),
('order003', 'item005', 1),
('order003', 'item006', 2),
('order004', 'item007', 2),
('order004', 'item008', 1),
('order005', 'item009', 4),
('order005', 'item010', 2),
('order006', 'item011', 1),
('order006', 'item012', 2),
('order007', 'item013', 2),
('order007', 'item014', 1),
('order008', 'item015', 3),
('order008', 'item016', 1),
('order009', 'item017', 2),
('order009', 'item018', 3),
('order010', 'item019', 1),
('order010', 'item020', 2),
('order011', 'item021', 2),
('order011', 'item022', 1),
('order012', 'item023', 3),
('order012', 'item024', 2),
('order013', 'item025', 2),
('order013', 'item026', 3),
('order014', 'item027', 1),
('order014', 'item028', 4),
('order015', 'item029', 3),
('order015', 'item030', 1),
('order016', 'item001', 2),
('order016', 'item002', 1),
('order017', 'item003', 3),
('order017', 'item004', 2),
('order018', 'item005', 1),
('order018', 'item006', 2),
('order019', 'item007', 2),
('order019', 'item008', 1),
('order020', 'item009', 4),
('order020', 'item010', 2),
('order021', 'item011', 1),
('order021', 'item012', 2),
('order022', 'item013', 2),
('order022', 'item014', 1),
('order023', 'item015', 3),
('order023', 'item016', 1),
('order024', 'item017', 2),
('order024', 'item018', 3),
('order025', 'item019', 1),
('order025', 'item020', 2),
('order026', 'item021', 2),
('order026', 'item022', 1),
('order027', 'item023', 3),
('order027', 'item024', 2),
('order028', 'item025', 2),
('order028', 'item026', 3),
('order029', 'item027', 1),
('order029', 'item028', 4),
('order030', 'item029', 3),
('order030', 'item030', 1);


INSERT INTO Item_Ratings (UserID, ItemID, Ratings)
VALUES
('user001', 'item001', 5),
('user002', 'item002', 4),
('user003', 'item003', 3),
('user004', 'item004', 4),
('user005', 'item005', 5),
('user006', 'item006', 4),
('user007', 'item007', 3),
('user008', 'item008', 4),
('user009', 'item009', 5),
('user010', 'item010', 4),
('user011', 'item011', 3),
('user012', 'item012', 4),
('user013', 'item013', 5),
('user014', 'item014', 4),
('user015', 'item015', 3),
('user016', 'item016', 4),
('user017', 'item017', 5),
('user018', 'item018', 4),
('user019', 'item019', 3),
('user020', 'item020', 4),
('user021', 'item021', 5),
('user022', 'item022', 4),
('user023', 'item023', 3),
('user024', 'item024', 4),
('user025', 'item025', 5),
('user026', 'item026', 4),
('user027', 'item027', 3),
('user028', 'item028', 4),
('user029', 'item029', 5),
('user030', 'item030', 4),
('user020', 'item001', 4),
('user021', 'item002', 5),
('user022', 'item003', 4),
('user023', 'item004', 3),
('user024', 'item003', 4),
('user025', 'item008', 5),
('user026', 'item008', 4),
('user027', 'item009', 3),
('user028', 'item003', 4),
('user029', 'item001', 5),
('user030', 'item006', 4);



INSERT INTO Restaurant_Ratings (RestaurantID, UserID, Ratings)
VALUES
('res001','user001',  5),
('res002','user002',  4),
('res003','user003',  3),
('res004','user004',  4),
('res005','user005',  5),
('res006','user006',  4),
('res007','user007',  3),
('res008','user008',  4),
('res009','user009',  5),
('res010','user010',  4),
('res011','user011',  3),
('res012','user012',  4),
('res013','user013',  5),
('res014','user014',  4),
('res015','user015',  3),
('res016','user016',  4),
('res017','user017',  5),
('res018','user018',  4),
('res019','user019',  3),
('res020','user020',  4),
('res021','user021',  5),
('res022','user022',  4),
('res023','user023',  3),
('res024','user024',  4),
('res025','user025',  5),
('res026','user026',  4),
('res027','user027',  3),
('res028','user028',  4),
('res029','user029',  5),
('res030','user030',  4),
('res001','user020',  4),
('res002','user021',  5),
('res003','user022',  4),
('res004','user023',  3),
('res003','user024',  4),
('res008','user025',  5),
('res008','user026',  4),
('res009','user027',  3),
('res003','user028',  4),
('res001','user029',  5),
('res006','user030',  4);

